run_utc,series,event_ticker,date,lead,ticker,lo,hi,mu,sigma,p_emos,p_raw,yes_bid,yes_ask,p_market
2026-10-03T18:44+00:00,KXHIGHDEN,KXHIGHDEN-26OCT03,2026-10-03,1,KXHIGHDEN-26OCT03-T81,-inf,80.0,83.51,2.01,0.0671,0.4,0.0,0.02,0.0098
2026-10-03T18:44+00:00,KXHIGHDEN,KXHIGHDEN-26OCT03,2026-10-03,1,KXHIGHDEN-26OCT03-B81.5,81.0,82.0,83.51,2.01,0.2405,0.4,0.09,0.11,0.098
2026-10-03T18:44+00:00,KXHIGHDEN,KXHIGHDEN-26OCT03,2026-10-03,1,KXHIGHDEN-26OCT03-B83.5,83.0,84.0,83.51,2.01,0.3812,0.2,0.72,0.77,0.7304
2026-10-03T18:44+00:00,KXHIGHDEN,KXHIGHDEN-26OCT03,2026-10-03,1,KXHIGHDEN-26OCT03-B85.5,85.0,86.0,83.51,2.01,0.2428,0.0,0.15,0.16,0.152
2026-10-03T18:44+00:00,KXHIGHDEN,KXHIGHDEN-26OCT03,2026-10-03,1,KXHIGHDEN-26OCT03-B87.5,87.0,88.0,83.51,2.01,0.0619,0.0,0.0,0.01,0.0049
2026-10-03T18:44+00:00,KXHIGHDEN,KXHIGHDEN-26OCT03,2026-10-03,1,KXHIGHDEN-26OCT03-T88,89.0,inf,83.51,2.01,0.0065,0.0,0.0,0.01,0.0049
2026-10-03T18:44+00:00,KXHIGHDEN,KXHIGHDEN-26OCT04,2026-10-04,2,KXHIGHDEN-26OCT04-T78,-inf,77.0,83.04,2.34,0.0091,0.2,0.01,0.02,0.0152
2026-10-03T18:44+00:00,KXHIGHDEN,KXHIGHDEN-26OCT04,2026-10-04,2,KXHIGHDEN-26OCT04-B78.5,78.0,79.0,83.04,2.34,0.0565,0.0,0.01,0.03,0.0203
2026-10-03T18:44+00:00,KXHIGHDEN,KXHIGHDEN-26OCT04,2026-10-04,2,KXHIGHDEN-26OCT04-B80.5,80.0,81.0,83.04,2.34,0.1901,0.6,0.28,0.29,0.2893
2026-10-03T18:44+00:00,KXHIGHDEN,KXHIGHDEN-26OCT04,2026-10-04,2,KXHIGHDEN-26OCT04-B82.5,82.0,83.0,83.04,2.34,0.3221,0.2,0.43,0.44,0.4416
2026-10-03T18:44+00:00,KXHIGHDEN,KXHIGHDEN-26OCT04,2026-10-04,2,KXHIGHDEN-26OCT04-B84.5,84.0,85.0,83.04,2.34,0.2752,0.0,0.21,0.22,0.2183
2026-10-03T18:44+00:00,KXHIGHDEN,KXHIGHDEN-26OCT04,2026-10-04,2,KXHIGHDEN-26OCT04-T85,86.0,inf,83.04,2.34,0.1471,0.0,0.01,0.02,0.0152
2026-10-03T18:44+00:00,KXHIGHLAX,KXHIGHLAX-26OCT03,2026-10-03,1,KXHIGHLAX-26OCT03-T91,-inf,90.0,97.39,1.9,0.0001,0.0,0.0,0.01,0.0049
2026-10-03T18:44+00:00,KXHIGHLAX,KXHIGHLAX-26OCT03,2026-10-03,1,KXHIGHLAX-26OCT03-B91.5,91.0,92.0,97.39,1.9,0.005,0.0,0.0,0.01,0.0049
2026-10-03T18:44+00:00,KXHIGHLAX,KXHIGHLAX-26OCT03,2026-10-03,1,KXHIGHLAX-26OCT03-B93.5,93.0,94.0,97.39,1.9,0.0596,0.0,0.0,0.01,0.0049
2026-10-03T18:44+00:00,KXHIGHLAX,KXHIGHLAX-26OCT03,2026-10-03,1,KXHIGHLAX-26OCT03-B95.5,95.0,96.0,97.39,1.9,0.2559,0.2,0.0,0.01,0.0049
2026-10-03T18:44+00:00,KXHIGHLAX,KXHIGHLAX-26OCT03,2026-10-03,1,KXHIGHLAX-26OCT03-B97.5,97.0,98.0,97.39,1.9,0.3998,0.0,0.0,0.01,0.0049
2026-10-03T18:44+00:00,KXHIGHLAX,KXHIGHLAX-26OCT03,2026-10-03,1,KXHIGHLAX-26OCT03-T98,99.0,inf,97.39,1.9,0.2796,0.8,0.99,1.0,0.9755
2026-10-03T18:44+00:00,KXHIGHLAX,KXHIGHLAX-26OCT04,2026-10-04,2,KXHIGHLAX-26OCT04-T91,-inf,90.0,96.06,2.95,0.0297,0.0,0.01,0.02,0.0143
2026-10-03T18:44+00:00,KXHIGHLAX,KXHIGHLAX-26OCT04,2026-10-04,2,KXHIGHLAX-26OCT04-B91.5,91.0,92.0,96.06,2.95,0.0841,0.0,0.01,0.02,0.0143
2026-10-03T18:44+00:00,KXHIGHLAX,KXHIGHLAX-26OCT04,2026-10-04,2,KXHIGHLAX-26OCT04-B93.5,93.0,94.0,96.06,2.95,0.185,0.0,0.05,0.06,0.0524
2026-10-03T18:44+00:00,KXHIGHLAX,KXHIGHLAX-26OCT04,2026-10-04,2,KXHIGHLAX-26OCT04-B95.5,95.0,96.0,96.06,2.95,0.2611,0.2,0.12,0.13,0.119
2026-10-03T18:44+00:00,KXHIGHLAX,KXHIGHLAX-26OCT04,2026-10-04,2,KXHIGHLAX-26OCT04-B97.5,97.0,98.0,96.06,2.95,0.2366,0.2,0.21,0.22,0.2048
2026-10-03T18:44+00:00,KXHIGHLAX,KXHIGHLAX-26OCT04,2026-10-04,2,KXHIGHLAX-26OCT04-T98,99.0,inf,96.06,2.95,0.2034,0.6,0.62,0.63,0.5952
2026-10-03T18:44+00:00,KXHIGHTLV,KXHIGHTLV-26OCT03,2026-10-03,1,KXHIGHTLV-26OCT03-T92,-inf,91.0,95.46,1.22,0.0006,0.2,0.0,0.01,0.0047
2026-10-03T18:44+00:00,KXHIGHTLV,KXHIGHTLV-26OCT03,2026-10-03,1,KXHIGHTLV-26OCT03-B92.5,92.0,93.0,95.46,1.22,0.0531,0.0,0.01,0.02,0.0142
2026-10-03T18:44+00:00,KXHIGHTLV,KXHIGHTLV-26OCT03,2026-10-03,1,KXHIGHTLV-26OCT03-B94.5,94.0,95.0,95.46,1.22,0.4593,0.8,0.61,0.63,0.5877
2026-10-03T18:44+00:00,KXHIGHTLV,KXHIGHTLV-26OCT03,2026-10-03,1,KXHIGHTLV-26OCT03-B96.5,96.0,97.0,95.46,1.22,0.4401,0.0,0.38,0.39,0.3649
2026-10-03T18:44+00:00,KXHIGHTLV,KXHIGHTLV-26OCT03,2026-10-03,1,KXHIGHTLV-26OCT03-B98.5,98.0,99.0,95.46,1.22,0.0465,0.0,0.02,0.03,0.0237
2026-10-03T18:44+00:00,KXHIGHTLV,KXHIGHTLV-26OCT03,2026-10-03,1,KXHIGHTLV-26OCT03-T99,100.0,inf,95.46,1.22,0.0005,0.0,0.0,0.01,0.0047
2026-10-03T18:44+00:00,KXHIGHTLV,KXHIGHTLV-26OCT04,2026-10-04,2,KXHIGHTLV-26OCT04-T93,-inf,92.0,96.53,1.26,0.0007,0.2,0.0,0.01,0.0051
2026-10-03T18:44+00:00,KXHIGHTLV,KXHIGHTLV-26OCT04,2026-10-04,2,KXHIGHTLV-26OCT04-B93.5,93.0,94.0,96.53,1.26,0.0532,0.2,0.03,0.04,0.0357
2026-10-03T18:44+00:00,KXHIGHTLV,KXHIGHTLV-26OCT04,2026-10-04,2,KXHIGHTLV-26OCT04-B95.5,95.0,96.0,96.53,1.26,0.4371,0.6,0.35,0.37,0.3673
2026-10-03T18:44+00:00,KXHIGHTLV,KXHIGHTLV-26OCT04,2026-10-04,2,KXHIGHTLV-26OCT04-B97.5,97.0,98.0,96.53,1.26,0.45,0.0,0.52,0.53,0.5357
2026-10-03T18:44+00:00,KXHIGHTLV,KXHIGHTLV-26OCT04,2026-10-04,2,KXHIGHTLV-26OCT04-B99.5,99.0,100.0,96.53,1.26,0.0582,0.0,0.04,0.05,0.0459
2026-10-03T18:44+00:00,KXHIGHTLV,KXHIGHTLV-26OCT04,2026-10-04,2,KXHIGHTLV-26OCT04-T100,101.0,inf,96.53,1.26,0.0008,0.0,0.0,0.02,0.0102
2026-10-03T18:44+00:00,KXHIGHTPHX,KXHIGHTPHX-26OCT03,2026-10-03,1,KXHIGHTPHX-26OCT03-T93,-inf,92.0,98.59,1.33,0.0,0.0,0.0,0.01,0.0049
2026-10-03T18:44+00:00,KXHIGHTPHX,KXHIGHTPHX-26OCT03,2026-10-03,1,KXHIGHTPHX-26OCT03-B93.5,93.0,94.0,98.59,1.33,0.0011,0.4,0.0,0.03,0.0148
2026-10-03T18:44+00:00,KXHIGHTPHX,KXHIGHTPHX-26OCT03,2026-10-03,1,KXHIGHTPHX-26OCT03-B95.5,95.0,96.0,98.59,1.33,0.0578,0.6,0.06,0.07,0.064
2026-10-03T18:44+00:00,KXHIGHTPHX,KXHIGHTPHX-26OCT03,2026-10-03,1,KXHIGHTPHX-26OCT03-B97.5,97.0,98.0,98.59,1.33,0.4149,0.0,0.83,0.85,0.8276
2026-10-03T18:44+00:00,KXHIGHTPHX,KXHIGHTPHX-26OCT03,2026-10-03,1,KXHIGHTPHX-26OCT03-B99.5,99.0,100.0,98.59,1.33,0.4502,0.0,0.08,0.09,0.0837
2026-10-03T18:44+00:00,KXHIGHTPHX,KXHIGHTPHX-26OCT03,2026-10-03,1,KXHIGHTPHX-26OCT03-T100,101.0,inf,98.59,1.33,0.076,0.0,0.0,0.01,0.0049
2026-10-03T18:44+00:00,KXHIGHTPHX,KXHIGHTPHX-26OCT04,2026-10-04,2,KXHIGHTPHX-26OCT04-T97,-inf,96.0,99.92,1.42,0.0081,0.4,0.01,0.02,0.0152
2026-10-03T18:44+00:00,KXHIGHTPHX,KXHIGHTPHX-26OCT04,2026-10-04,2,KXHIGHTPHX-26OCT04-B97.5,97.0,98.0,99.92,1.42,0.1508,0.6,0.1,0.12,0.1111
2026-10-03T18:44+00:00,KXHIGHTPHX,KXHIGHTPHX-26OCT04,2026-10-04,2,KXHIGHTPHX-26OCT04-B99.5,99.0,100.0,99.92,1.42,0.4987,0.0,0.58,0.59,0.5909
2026-10-03T18:44+00:00,KXHIGHTPHX,KXHIGHTPHX-26OCT04,2026-10-04,2,KXHIGHTPHX-26OCT04-B101.5,101.0,102.0,99.92,1.42,0.3073,0.0,0.25,0.27,0.2626
2026-10-03T18:44+00:00,KXHIGHTPHX,KXHIGHTPHX-26OCT04,2026-10-04,2,KXHIGHTPHX-26OCT04-B103.5,103.0,104.0,99.92,1.42,0.0344,0.0,0.01,0.02,0.0152
2026-10-03T18:44+00:00,KXHIGHTPHX,KXHIGHTPHX-26OCT04,2026-10-04,2,KXHIGHTPHX-26OCT04-T104,105.0,inf,99.92,1.42,0.0007,0.0,0.0,0.01,0.0051
2026-10-03T18:44+00:00,KXHIGHTSAN,KXHIGHTSAN-26OCT03,2026-10-03,1,KXHIGHTSAN-26OCT03-T96,-inf,95.0,99.37,1.73,0.0127,0.0,0.0,0.01,0.0049
2026-10-03T18:44+00:00,KXHIGHTSAN,KXHIGHTSAN-26OCT03,2026-10-03,1,KXHIGHTSAN-26OCT03-B96.5,96.0,97.0,99.37,1.73,0.1271,0.2,0.0,0.01,0.0049
2026-10-03T18:44+00:00,KXHIGHTSAN,KXHIGHTSAN-26OCT03,2026-10-03,1,KXHIGHTSAN-26OCT03-B98.5,98.0,99.0,99.37,1.73,0.3898,0.0,0.0,0.01,0.0049
2026-10-03T18:44+00:00,KXHIGHTSAN,KXHIGHTSAN-26OCT03,2026-10-03,1,KXHIGHTSAN-26OCT03-B100.5,100.0,101.0,99.37,1.73,0.361,0.2,0.0,0.01,0.0049
2026-10-03T18:44+00:00,KXHIGHTSAN,KXHIGHTSAN-26OCT03,2026-10-03,1,KXHIGHTSAN-26OCT03-B102.5,102.0,103.0,99.37,1.73,0.1009,0.2,0.5,0.72,0.598
2026-10-03T18:44+00:00,KXHIGHTSAN,KXHIGHTSAN-26OCT03,2026-10-03,1,KXHIGHTSAN-26OCT03-T103,104.0,inf,99.37,1.73,0.0085,0.4,0.37,0.41,0.3824
2026-10-03T18:44+00:00,KXHIGHTSAN,KXHIGHTSAN-26OCT04,2026-10-04,2,KXHIGHTSAN-26OCT04-T95,-inf,94.0,96.0,1.66,0.1825,0.0,0.31,0.44,0.3394
2026-10-03T18:44+00:00,KXHIGHTSAN,KXHIGHTSAN-26OCT04,2026-10-04,2,KXHIGHTSAN-26OCT04-B95.5,95.0,96.0,96.0,1.66,0.436,0.0,0.26,0.27,0.2398
2026-10-03T18:44+00:00,KXHIGHTSAN,KXHIGHTSAN-26OCT04,2026-10-04,2,KXHIGHTSAN-26OCT04-B97.5,97.0,98.0,96.0,1.66,0.3158,0.6,0.11,0.29,0.181
2026-10-03T18:44+00:00,KXHIGHTSAN,KXHIGHTSAN-26OCT04,2026-10-04,2,KXHIGHTSAN-26OCT04-B99.5,99.0,100.0,96.0,1.66,0.0624,0.2,0.06,0.23,0.1312
2026-10-03T18:44+00:00,KXHIGHTSAN,KXHIGHTSAN-26OCT04,2026-10-04,2,KXHIGHTSAN-26OCT04-B101.5,101.0,102.0,96.0,1.66,0.0033,0.0,0.04,0.12,0.0724
2026-10-03T18:44+00:00,KXHIGHTSAN,KXHIGHTSAN-26OCT04,2026-10-04,2,KXHIGHTSAN-26OCT04-T102,103.0,inf,96.0,1.66,0.0,0.2,0.01,0.07,0.0362
2026-10-03T18:44+00:00,KXHIGHTSEA,KXHIGHTSEA-26OCT03,2026-10-03,1,KXHIGHTSEA-26OCT03-T66,-inf,65.0,68.86,2.2,0.0633,0.4,0.01,0.02,0.0153
2026-10-03T18:44+00:00,KXHIGHTSEA,KXHIGHTSEA-26OCT03,2026-10-03,1,KXHIGHTSEA-26OCT03-B66.5,66.0,67.0,68.86,2.2,0.2048,0.2,0.1,0.15,0.1276
2026-10-03T18:44+00:00,KXHIGHTSEA,KXHIGHTSEA-26OCT03,2026-10-03,1,KXHIGHTSEA-26OCT03-B68.5,68.0,69.0,68.86,2.2,0.3462,0.0,0.47,0.5,0.4949
2026-10-03T18:44+00:00,KXHIGHTSEA,KXHIGHTSEA-26OCT03,2026-10-03,1,KXHIGHTSEA-26OCT03-B70.5,70.0,71.0,68.86,2.2,0.2706,0.4,0.3,0.33,0.3214
2026-10-03T18:44+00:00,KXHIGHTSEA,KXHIGHTSEA-26OCT03,2026-10-03,1,KXHIGHTSEA-26OCT03-B72.5,72.0,73.0,68.86,2.2,0.0976,0.0,0.03,0.04,0.0357
2026-10-03T18:44+00:00,KXHIGHTSEA,KXHIGHTSEA-26OCT03,2026-10-03,1,KXHIGHTSEA-26OCT03-T73,74.0,inf,68.86,2.2,0.0175,0.0,0.0,0.01,0.0051
2026-10-03T18:44+00:00,KXHIGHTSEA,KXHIGHTSEA-26OCT04,2026-10-04,2,KXHIGHTSEA-26OCT04-T69,-inf,68.0,72.81,2.75,0.0585,0.2,0.07,0.08,0.0735
2026-10-03T18:44+00:00,KXHIGHTSEA,KXHIGHTSEA-26OCT04,2026-10-04,2,KXHIGHTSEA-26OCT04-B69.5,69.0,70.0,72.81,2.75,0.1421,0.2,0.07,0.08,0.0735
2026-10-03T18:44+00:00,KXHIGHTSEA,KXHIGHTSEA-26OCT04,2026-10-04,2,KXHIGHTSEA-26OCT04-B71.5,71.0,72.0,72.81,2.75,0.255,0.2,0.28,0.33,0.299
2026-10-03T18:44+00:00,KXHIGHTSEA,KXHIGHTSEA-26OCT04,2026-10-04,2,KXHIGHTSEA-26OCT04-B73.5,73.0,74.0,72.81,2.75,0.2756,0.2,0.45,0.46,0.4461
2026-10-03T18:44+00:00,KXHIGHTSEA,KXHIGHTSEA-26OCT04,2026-10-04,2,KXHIGHTSEA-26OCT04-B75.5,75.0,76.0,72.81,2.75,0.1794,0.2,0.09,0.1,0.0931
2026-10-03T18:44+00:00,KXHIGHTSEA,KXHIGHTSEA-26OCT04,2026-10-04,2,KXHIGHTSEA-26OCT04-T76,77.0,inf,72.81,2.75,0.0894,0.0,0.01,0.02,0.0147
2026-10-03T18:44+00:00,KXHIGHTSFO,KXHIGHTSFO-26OCT03,2026-10-03,1,KXHIGHTSFO-26OCT03-T83,-inf,82.0,87.31,4.55,0.145,0.2,0.03,0.05,0.036
2026-10-03T18:44+00:00,KXHIGHTSFO,KXHIGHTSFO-26OCT03,2026-10-03,1,KXHIGHTSFO-26OCT03-B83.5,83.0,84.0,87.31,4.55,0.1232,0.2,0.05,0.08,0.0586
2026-10-03T18:44+00:00,KXHIGHTSFO,KXHIGHTSFO-26OCT03,2026-10-03,1,KXHIGHTSFO-26OCT03-B85.5,85.0,86.0,87.31,4.55,0.161,0.0,0.13,0.16,0.1306
2026-10-03T18:44+00:00,KXHIGHTSFO,KXHIGHTSFO-26OCT03,2026-10-03,1,KXHIGHTSFO-26OCT03-B87.5,87.0,88.0,87.31,4.55,0.1739,0.0,0.2,0.21,0.1847
2026-10-03T18:44+00:00,KXHIGHTSFO,KXHIGHTSFO-26OCT03,2026-10-03,1,KXHIGHTSFO-26OCT03-B89.5,89.0,90.0,87.31,4.55,0.1553,0.2,0.35,0.36,0.3198
2026-10-03T18:44+00:00,KXHIGHTSFO,KXHIGHTSFO-26OCT03,2026-10-03,1,KXHIGHTSFO-26OCT03-T90,91.0,inf,87.31,4.55,0.2416,0.4,0.27,0.33,0.2703
2026-10-03T18:44+00:00,KXHIGHTSFO,KXHIGHTSFO-26OCT04,2026-10-04,2,KXHIGHTSFO-26OCT04-T83,-inf,82.0,87.76,4.75,0.1338,0.2,0.06,0.07,0.0695
2026-10-03T18:44+00:00,KXHIGHTSFO,KXHIGHTSFO-26OCT04,2026-10-04,2,KXHIGHTSFO-26OCT04-B83.5,83.0,84.0,87.76,4.75,0.1121,0.2,0.11,0.13,0.1283
2026-10-03T18:44+00:00,KXHIGHTSFO,KXHIGHTSFO-26OCT04,2026-10-04,2,KXHIGHTSFO-26OCT04-B85.5,85.0,86.0,87.76,4.75,0.1492,0.2,0.23,0.24,0.2513
2026-10-03T18:44+00:00,KXHIGHTSFO,KXHIGHTSFO-26OCT04,2026-10-04,2,KXHIGHTSFO-26OCT04-B87.5,87.0,88.0,87.76,4.75,0.1666,0.0,0.21,0.22,0.2299
2026-10-03T18:44+00:00,KXHIGHTSFO,KXHIGHTSFO-26OCT04,2026-10-04,2,KXHIGHTSFO-26OCT04-B89.5,89.0,90.0,87.76,4.75,0.1562,0.0,0.18,0.19,0.1979
2026-10-03T18:44+00:00,KXHIGHTSFO,KXHIGHTSFO-26OCT04,2026-10-04,2,KXHIGHTSFO-26OCT04-T90,91.0,inf,87.76,4.75,0.2821,0.4,0.11,0.12,0.123
