event_ticker,lead,date,brier_emos,logloss_emos,brier_raw,logloss_raw,brier_market,logloss_market
KXHIGHLAX-26OCT02,1,2026-10-02,0.70142,1.34515,1.28,5.29832,0.1647,0.36442
KXHIGHTLV-26OCT02,1,2026-10-02,0.43773,0.72052,1.04,1.60944,0.29542,0.51567
KXHIGHTSAN-26OCT02,1,2026-10-02,0.961,1.95334,1.28,5.29832,1.57692,3.95807
KXHIGHTSEA-26OCT02,1,2026-10-02,0.40607,0.77414,1.28,1.60944,0.29158,0.54663
KXHIGHTSFO-26OCT02,1,2026-10-02,0.75329,1.54834,0.56,0.91629,0.08861,0.29115
KXHIGHDEN-26OCT03,1,2026-10-03,0.50808,0.96443,0.96,1.60944,0.10554,0.31416
KXHIGHLAX-26OCT03,1,2026-10-03,0.74788,1.2744,0.08,0.22314,0.00072,0.02481
KXHIGHLAX-26OCT03,2,2026-10-03,0.961,2.22748,0.24,0.51083,0.77222,1.52143
KXHIGHTLV-26OCT03,1,2026-10-03,0.52943,0.82075,1.68,5.29832,0.74955,1.00813
KXHIGHTLV-26OCT03,2,2026-10-03,0.46043,0.74339,1.68,5.29832,0.40727,0.74234
KXHIGHTPHX-26OCT03,1,2026-10-03,0.55414,0.87972,1.52,5.29832,0.04109,0.18923
KXHIGHTSAN-26OCT03,1,2026-10-03,1.29183,4.76769,0.48,0.91629,0.73913,0.96129
KXHIGHTSAN-26OCT03,2,2026-10-03,1.30992,5.29832,0.88,1.60944,0.851,1.79697
KXHIGHTSEA-26OCT03,1,2026-10-03,0.83926,1.58572,0.96,1.60944,1.11084,2.05885
KXHIGHTSEA-26OCT03,2,2026-10-03,0.81677,1.67078,0.88,1.60944,1.28851,3.07046
KXHIGHTSFO-26OCT03,1,2026-10-03,0.86425,1.8624,0.88,1.60944,0.59163,1.14006
KXHIGHTSFO-26OCT03,2,2026-10-03,0.9679,2.20546,0.48,0.91629,0.93258,1.73614
