event_ticker,date,ticker,lo,hi,decision_time,yes_bid,yes_ask,mu,sigma,obs,p_emos,p_raw,p_market,result
KXHIGHNY-26SEP26,2026-09-26,KXHIGHNY-26SEP26-T62,-inf,61.0,2026-09-26 15:00:00+00:00,0.89,0.9,59.8421,1.3758,61.0,0.8859,0.8,0.8606,yes
KXHIGHNY-26SEP26,2026-09-26,KXHIGHNY-26SEP26-B62.5,62.0,63.0,2026-09-26 15:00:00+00:00,0.12,0.13,59.8421,1.3758,61.0,0.1102,0.2,0.1202,no
KXHIGHNY-26SEP26,2026-09-26,KXHIGHNY-26SEP26-B64.5,64.0,65.0,2026-09-26 15:00:00+00:00,0.0,0.01,59.8421,1.3758,61.0,0.0039,0.0,0.0048,no
KXHIGHNY-26SEP26,2026-09-26,KXHIGHNY-26SEP26-B66.5,66.0,67.0,2026-09-26 15:00:00+00:00,0.0,0.01,59.8421,1.3758,61.0,0.0,0.0,0.0048,no
KXHIGHNY-26SEP26,2026-09-26,KXHIGHNY-26SEP26-B68.5,68.0,69.0,2026-09-26 15:00:00+00:00,0.0,0.01,59.8421,1.3758,61.0,0.0,0.0,0.0048,no
KXHIGHNY-26SEP26,2026-09-26,KXHIGHNY-26SEP26-T69,70.0,inf,2026-09-26 15:00:00+00:00,0.0,0.01,59.8421,1.3758,61.0,0.0,0.0,0.0048,no
KXHIGHNY-26SEP27,2026-09-27,KXHIGHNY-26SEP27-T65,-inf,64.0,2026-09-27 15:00:00+00:00,0.44,0.45,64.5224,1.5297,63.0,0.4942,0.4,0.4279,yes
KXHIGHNY-26SEP27,2026-09-27,KXHIGHNY-26SEP27-B65.5,65.0,66.0,2026-09-27 15:00:00+00:00,0.49,0.5,64.5224,1.5297,63.0,0.4078,0.2,0.476,no
KXHIGHNY-26SEP27,2026-09-27,KXHIGHNY-26SEP27-B67.5,67.0,68.0,2026-09-27 15:00:00+00:00,0.07,0.08,64.5224,1.5297,63.0,0.0934,0.4,0.0721,no
KXHIGHNY-26SEP27,2026-09-27,KXHIGHNY-26SEP27-B69.5,69.0,70.0,2026-09-27 15:00:00+00:00,0.01,0.02,64.5224,1.5297,63.0,0.0046,0.0,0.0144,no
KXHIGHNY-26SEP27,2026-09-27,KXHIGHNY-26SEP27-B71.5,71.0,72.0,2026-09-27 15:00:00+00:00,0.0,0.01,64.5224,1.5297,63.0,0.0,0.0,0.0048,no
KXHIGHNY-26SEP27,2026-09-27,KXHIGHNY-26SEP27-T72,73.0,inf,2026-09-27 15:00:00+00:00,0.0,0.01,64.5224,1.5297,63.0,0.0,0.0,0.0048,no
KXHIGHNY-26SEP28,2026-09-28,KXHIGHNY-26SEP28-T64,-inf,63.0,2026-09-28 15:00:00+00:00,0.88,0.89,61.3075,1.2268,62.0,0.963,1.0,0.8762,yes
KXHIGHNY-26SEP28,2026-09-28,KXHIGHNY-26SEP28-B64.5,64.0,65.0,2026-09-28 15:00:00+00:00,0.09,0.1,61.3075,1.2268,62.0,0.0366,0.0,0.0941,no
KXHIGHNY-26SEP28,2026-09-28,KXHIGHNY-26SEP28-B66.5,66.0,67.0,2026-09-28 15:00:00+00:00,0.01,0.02,61.3075,1.2268,62.0,0.0003,0.0,0.0149,no
KXHIGHNY-26SEP28,2026-09-28,KXHIGHNY-26SEP28-B68.5,68.0,69.0,2026-09-28 15:00:00+00:00,0.0,0.01,61.3075,1.2268,62.0,0.0,0.0,0.005,no
KXHIGHNY-26SEP28,2026-09-28,KXHIGHNY-26SEP28-B70.5,70.0,71.0,2026-09-28 15:00:00+00:00,0.0,0.01,61.3075,1.2268,62.0,0.0,0.0,0.005,no
KXHIGHNY-26SEP28,2026-09-28,KXHIGHNY-26SEP28-T71,72.0,inf,2026-09-28 15:00:00+00:00,0.0,0.01,61.3075,1.2268,62.0,0.0,0.0,0.005,no
KXHIGHNY-26SEP29,2026-09-29,KXHIGHNY-26SEP29-T69,-inf,68.0,2026-09-29 15:00:00+00:00,0.06,0.07,69.277,1.3349,70.0,0.2803,0.2,0.0625,no
KXHIGHNY-26SEP29,2026-09-29,KXHIGHNY-26SEP29-B69.5,69.0,70.0,2026-09-29 15:00:00+00:00,0.55,0.56,69.277,1.3349,70.0,0.5399,0.4,0.5337,yes
KXHIGHNY-26SEP29,2026-09-29,KXHIGHNY-26SEP29-B71.5,71.0,72.0,2026-09-29 15:00:00+00:00,0.39,0.4,69.277,1.3349,70.0,0.1719,0.4,0.3798,no
KXHIGHNY-26SEP29,2026-09-29,KXHIGHNY-26SEP29-B73.5,73.0,74.0,2026-09-29 15:00:00+00:00,0.01,0.02,69.277,1.3349,70.0,0.0078,0.0,0.0144,no
KXHIGHNY-26SEP29,2026-09-29,KXHIGHNY-26SEP29-B75.5,75.0,76.0,2026-09-29 15:00:00+00:00,0.0,0.01,69.277,1.3349,70.0,0.0,0.0,0.0048,no
KXHIGHNY-26SEP29,2026-09-29,KXHIGHNY-26SEP29-T76,77.0,inf,2026-09-29 15:00:00+00:00,0.0,0.01,69.277,1.3349,70.0,0.0,0.0,0.0048,no
KXHIGHNY-26SEP30,2026-09-30,KXHIGHNY-26SEP30-T72,-inf,71.0,2026-09-30 15:00:00+00:00,0.1,0.11,75.3956,1.5037,74.0,0.0048,0.2,0.1029,no
KXHIGHNY-26SEP30,2026-09-30,KXHIGHNY-26SEP30-B72.5,72.0,73.0,2026-09-30 15:00:00+00:00,0.55,0.57,75.3956,1.5037,74.0,0.0989,0.2,0.549,no
KXHIGHNY-26SEP30,2026-09-30,KXHIGHNY-26SEP30-B74.5,74.0,75.0,2026-09-30 15:00:00+00:00,0.3,0.32,75.3956,1.5037,74.0,0.424,0.2,0.3039,yes
KXHIGHNY-26SEP30,2026-09-30,KXHIGHNY-26SEP30-B76.5,76.0,77.0,2026-09-30 15:00:00+00:00,0.02,0.03,75.3956,1.5037,74.0,0.3915,0.2,0.0245,no
KXHIGHNY-26SEP30,2026-09-30,KXHIGHNY-26SEP30-B78.5,78.0,79.0,2026-09-30 15:00:00+00:00,0.01,0.02,75.3956,1.5037,74.0,0.0777,0.2,0.0147,no
KXHIGHNY-26SEP30,2026-09-30,KXHIGHNY-26SEP30-T79,80.0,inf,2026-09-30 15:00:00+00:00,0.0,0.01,75.3956,1.5037,74.0,0.0032,0.0,0.0049,no
