series,date,ecmwf_ifs025,gem_seamless,gfs_seamless,icon_seamless,jma_seamless,obs
KXHIGHNY,2026-09-01,82.2,80.4,84.2,82.1,85.4,82.0
KXHIGHNY,2026-09-02,76.6,75.9,72.6,75.3,75.3,71.0
KXHIGHNY,2026-09-03,84.9,85.8,81.4,87.8,83.0,84.0
KXHIGHNY,2026-09-04,84.3,87.7,85.3,87.9,84.9,84.0
KXHIGHNY,2026-09-05,77.7,82.5,79.7,80.5,79.4,79.0
KXHIGHNY,2026-09-06,76.4,79.9,73.7,74.5,72.6,76.0
KXHIGHNY,2026-09-07,78.6,81.7,79.1,79.1,79.2,78.0
KXHIGHNY,2026-09-08,81.1,84.3,82.9,81.9,82.3,80.0
KXHIGHNY,2026-09-09,86.6,86.2,85.8,83.3,85.5,82.0
KXHIGHNY,2026-09-10,87.7,89.9,89.4,83.3,87.4,84.0
KXHIGHNY,2026-09-11,80.1,82.4,81.6,80.7,79.4,79.0
KXHIGHNY,2026-09-12,78.5,81.3,79.8,77.1,80.3,78.0
KXHIGHNY,2026-09-13,81.5,79.8,79.6,81.1,75.9,79.0
KXHIGHNY,2026-09-14,72.8,75.3,71.3,73.6,74.8,75.0
KXHIGHNY,2026-09-15,70.6,74.3,72.1,71.9,71.6,72.0
KXHIGHNY,2026-09-16,77.8,80.5,79.4,77.5,78.4,77.0
KXHIGHNY,2026-09-17,83.4,84.4,83.4,77.1,77.5,82.0
KXHIGHNY,2026-09-18,82.1,82.0,81.3,81.0,81.9,80.0
KXHIGHNY,2026-09-19,72.6,73.1,71.1,69.7,69.7,69.0
KXHIGHNY,2026-09-20,70.6,72.0,67.6,71.2,69.8,69.0
KXHIGHNY,2026-09-21,71.4,74.1,70.6,71.9,73.0,72.0
KXHIGHNY,2026-09-22,64.7,66.4,67.3,65.2,64.3,68.0
KXHIGHNY,2026-09-23,66.0,69.3,64.9,66.8,66.5,67.0
KXHIGHNY,2026-09-24,64.7,69.4,65.7,66.1,68.3,66.0
KXHIGHNY,2026-09-25,72.7,73.2,72.1,68.5,71.1,69.0
KXHIGHNY,2026-09-26,63.1,58.3,61.0,61.3,60.2,61.0
KXHIGHNY,2026-09-27,65.0,63.4,66.9,66.8,60.0,63.0
KXHIGHNY,2026-09-28,61.5,61.3,63.4,61.4,62.9,62.0
KXHIGHNY,2026-09-29,71.4,70.9,68.6,67.8,70.3,70.0
KXHIGHNY,2026-09-30,73.3,78.1,70.8,75.5,74.1,74.0
